{
  "id": 794287,
  "name": "a beginning",
  "iconMaterial": "GRASS_BLOCK",
  "position": {
    "world": "Ephesus",
    "x": 1032.7461527307526,
    "y": 80.0,
    "z": 984.0856802941267,
    "pitch": 5.849933,
    "yaw": -159.75002
  }
}