{
  "id": 132973,
  "name": "Bank of Ephesus",
  "iconMaterial": "EMERALD",
  "position": {
    "x": 1576.533762397441,
    "y": 105.5,
    "z": 874.5572464648233
  }
}