{
  "id": 520791,
  "name": "Beautiful beach",
  "iconMaterial": "SAND",
  "position": {
    "world": "Ephesus",
    "x": 1175.430037606931,
    "y": 36.0,
    "z": 390.1365750354733,
    "pitch": -0.2999956,
    "yaw": -135.90018
  }
}