{
  "id": 520791,
  "name": "Beautiful beach",
  "iconMaterial": "SAND",
  "position": {
    "x": 1175.430037606931,
    "y": 36.0,
    "z": 390.1365750354733
  }
}