{
  "id": 895096,
  "name": "Deep in the forest",
  "iconMaterial": "OAK_LEAVES",
  "position": {
    "world": "Ephesus",
    "x": 1207.145649537041,
    "y": 97.0,
    "z": 538.0327473660914,
    "pitch": 12.799996,
    "yaw": 20.099949
  }
}