{
  "id": 611210,
  "name": "Is it that high",
  "iconMaterial": "SNOW_BLOCK",
  "position": {
    "x": 1185.244069474833,
    "y": 215.0,
    "z": 1315.9772059398501
  }
}