{
  "id": 637663,
  "name": "North Harbor",
  "iconMaterial": "BARREL",
  "position": {
    "world": "Ephesus",
    "x": 1414.5520042790554,
    "y": 67.0,
    "z": 259.07433644800386,
    "pitch": 17.099993,
    "yaw": 115.550064
  }
}