{
  "id": 637663,
  "name": "North Harbor",
  "iconMaterial": "BARREL",
  "position": {
    "x": 1414.5520042790554,
    "y": 67.0,
    "z": 259.07433644800386
  }
}