{
  "id": 809991,
  "name": "The end",
  "iconMaterial": "BEACON",
  "position": {
    "x": 345.4840320194414,
    "y": 86.5,
    "z": 1507.5454134677686
  }
}