{
  "id": 221838,
  "name": "The conquerer",
  "iconMaterial": "IRON_SWORD",
  "position": {
    "x": 1335.572790937989,
    "y": 163.5,
    "z": 915.3883906635491
  }
}