{
  "id": 39531,
  "name": "West Harbor Church",
  "iconMaterial": "RED_CANDLE",
  "position": {
    "world": "Ephesus",
    "x": 1037.343922426955,
    "y": 78.5,
    "z": 876.7090308090927,
    "pitch": 18.449997,
    "yaw": 157.25005
  }
}